Region,alpha_2_code,alpha_3_code,numeric_code,indicator,time_period,obs_value,sex,unit_multiplier,unit_of_measure,observation_status,observation_confidentaility,time_period_activity_related_to_when_the_data_are_collected,current_age
Albania,AL,ALB,8,Percentage Children suffering exactly five deprivation. Homogeneous severe standards,2017,0,Female,,%,,,,Total
Albania,AL,ALB,8,Percentage Children suffering exactly five deprivation. Homogeneous severe standards,2017,0,Male,,%,,,,Total
Albania,AL,ALB,8,Percentage Children suffering exactly five deprivation. Homogeneous severe standards,2017,0,Total,,%,,,,Total
Algeria,DZ,DZA,12,Percentage Children suffering exactly five deprivation. Homogeneous severe standards,2012,0,Female,,%,,,,Total
Algeria,DZ,DZA,12,Percentage Children suffering exactly five deprivation. Homogeneous severe standards,2012,0,Male,,%,,,,Total
Algeria,DZ,DZA,12,Percentage Children suffering exactly five deprivation. Homogeneous severe standards,2012,0,Total,,%,,,,Total
Angola,AO,AGO,24,Percentage Children suffering exactly five deprivation. Homogeneous severe standards,2015,0.046182197,Female,,%,,,,Total
Angola,AO,AGO,24,Percentage Children suffering exactly five deprivation. Homogeneous severe standards,2015,0.019586476,Male,,%,,,,Total
Angola,AO,AGO,24,Percentage Children suffering exactly five deprivation. Homogeneous severe standards,2015,0.032987002,Total,,%,,,,Total
Armenia,AM,ARM,51,Percentage Children suffering exactly five deprivation. Homogeneous severe standards,2015,0,Female,,%,,,,Total
Armenia,AM,ARM,51,Percentage Children suffering exactly five deprivation. Homogeneous severe standards,2015,0,Male,,%,,,,Total
Armenia,AM,ARM,51,Percentage Children suffering exactly five deprivation. Homogeneous severe standards,2015,0,Total,,%,,,,Total
Bangladesh,BD,BGD,50,Percentage Children suffering exactly five deprivation. Homogeneous severe standards,2014,0,Female,,%,,,,Total
Bangladesh,BD,BGD,50,Percentage Children suffering exactly five deprivation. Homogeneous severe standards,2014,0,Male,,%,,,,Total
Bangladesh,BD,BGD,50,Percentage Children suffering exactly five deprivation. Homogeneous severe standards,2014,0,Total,,%,,,,Total
Belize,BZ,BLZ,84,Percentage Children suffering exactly five deprivation. Homogeneous severe standards,2015,0,Female,,%,,,,Total
Belize,BZ,BLZ,84,Percentage Children suffering exactly five deprivation. Homogeneous severe standards,2015,0,Male,,%,,,,Total
Belize,BZ,BLZ,84,Percentage Children suffering exactly five deprivation. Homogeneous severe standards,2015,0,Total,,%,,,,Total
Benin,BJ,BEN,204,Percentage Children suffering exactly five deprivation. Homogeneous severe standards,2017,0.042082217,Female,,%,,,,Total
Benin,BJ,BEN,204,Percentage Children suffering exactly five deprivation. Homogeneous severe standards,2017,0.020215137,Male,,%,,,,Total
Benin,BJ,BEN,204,Percentage Children suffering exactly five deprivation. Homogeneous severe standards,2017,0.030990962,Total,,%,,,,Total
Burundi,BI,BDI,108,Percentage Children suffering exactly five deprivation. Homogeneous severe standards,2016,0,Female,,%,,,,Total
Burundi,BI,BDI,108,Percentage Children suffering exactly five deprivation. Homogeneous severe standards,2016,0,Male,,%,,,,Total
Burundi,BI,BDI,108,Percentage Children suffering exactly five deprivation. Homogeneous severe standards,2016,0,Total,,%,,,,Total
Cambodia,KH,KHM,116,Percentage Children suffering exactly five deprivation. Homogeneous severe standards,2014,0,Female,,%,,,,Total
Cambodia,KH,KHM,116,Percentage Children suffering exactly five deprivation. Homogeneous severe standards,2014,0.013931827,Male,,%,,,,Total
Cambodia,KH,KHM,116,Percentage Children suffering exactly five deprivation. Homogeneous severe standards,2014,0.007077242,Total,,%,,,,Total
Cameroon,CM,CMR,120,Percentage Children suffering exactly five deprivation. Homogeneous severe standards,2018,0,Female,,%,,,,Total
Cameroon,CM,CMR,120,Percentage Children suffering exactly five deprivation. Homogeneous severe standards,2018,0.009840934,Male,,%,,,,Total
Cameroon,CM,CMR,120,Percentage Children suffering exactly five deprivation. Homogeneous severe standards,2018,0.004938918,Total,,%,,,,Total
Chad,TD,TCD,148,Percentage Children suffering exactly five deprivation. Homogeneous severe standards,2014,0.025063692,Female,,%,,,,Total
Chad,TD,TCD,148,Percentage Children suffering exactly five deprivation. Homogeneous severe standards,2014,0.025397176,Male,,%,,,,Total
Chad,TD,TCD,148,Percentage Children suffering exactly five deprivation. Homogeneous severe standards,2014,0.025233779,Total,,%,,,,Total
Comoros,KM,COM,174,Percentage Children suffering exactly five deprivation. Homogeneous severe standards,2012,0,Female,,%,,,,Total
Comoros,KM,COM,174,Percentage Children suffering exactly five deprivation. Homogeneous severe standards,2012,0,Male,,%,,,,Total
Comoros,KM,COM,174,Percentage Children suffering exactly five deprivation. Homogeneous severe standards,2012,0,Total,,%,,,,Total
Congo,CG,COG,178,Percentage Children suffering exactly five deprivation. Homogeneous severe standards,2012,0.021999707,Female,,%,,,,Total
Congo,CG,COG,178,Percentage Children suffering exactly five deprivation. Homogeneous severe standards,2012,0.007573139,Male,,%,,,,Total
Congo,CG,COG,178,Percentage Children suffering exactly five deprivation. Homogeneous severe standards,2012,0.014812645,Total,,%,,,,Total
Costa Rica,CR,CRI,188,Percentage Children suffering exactly five deprivation. Homogeneous severe standards,2018,0,Female,,%,,,,Total
Costa Rica,CR,CRI,188,Percentage Children suffering exactly five deprivation. Homogeneous severe standards,2018,0,Male,,%,,,,Total
Costa Rica,CR,CRI,188,Percentage Children suffering exactly five deprivation. Homogeneous severe standards,2018,0,Total,,%,,,,Total
Côte d'Ivoire,CI,CIV,384,Percentage Children suffering exactly five deprivation. Homogeneous severe standards,2011,0.018140152,Female,,%,,,,Total
Ivory Coast,CI,CIV,384,Percentage Children suffering exactly five deprivation. Homogeneous severe standards,2011,0.018140152,Female,,%,,,,Total
Côte d'Ivoire,CI,CIV,384,Percentage Children suffering exactly five deprivation. Homogeneous severe standards,2011,0,Male,,%,,,,Total
Ivory Coast,CI,CIV,384,Percentage Children suffering exactly five deprivation. Homogeneous severe standards,2011,0,Male,,%,,,,Total
Côte d'Ivoire,CI,CIV,384,Percentage Children suffering exactly five deprivation. Homogeneous severe standards,2011,0.008934677,Total,,%,,,,Total
Ivory Coast,CI,CIV,384,Percentage Children suffering exactly five deprivation. Homogeneous severe standards,2011,0.008934677,Total,,%,,,,Total
"Congo, the Democratic Republic of the",CD,COD,180,Percentage Children suffering exactly five deprivation. Homogeneous severe standards,2013,0.010442315,Female,,%,,,,Total
"Congo, the Democratic Republic of the",CD,COD,180,Percentage Children suffering exactly five deprivation. Homogeneous severe standards,2013,0.016171884,Male,,%,,,,Total
"Congo, the Democratic Republic of the",CD,COD,180,Percentage Children suffering exactly five deprivation. Homogeneous severe standards,2013,0.01330211,Total,,%,,,,Total
Dominican Republic,DO,DOM,214,Percentage Children suffering exactly five deprivation. Homogeneous severe standards,2013,0,Female,,%,,,,Total
Dominican Republic,DO,DOM,214,Percentage Children suffering exactly five deprivation. Homogeneous severe standards,2013,0,Male,,%,,,,Total
Dominican Republic,DO,DOM,214,Percentage Children suffering exactly five deprivation. Homogeneous severe standards,2013,0,Total,,%,,,,Total
Egypt,EG,EGY,818,Percentage Children suffering exactly five deprivation. Homogeneous severe standards,2014,0,Female,,%,,,,Total
Egypt,EG,EGY,818,Percentage Children suffering exactly five deprivation. Homogeneous severe standards,2014,0,Male,,%,,,,Total
Egypt,EG,EGY,818,Percentage Children suffering exactly five deprivation. Homogeneous severe standards,2014,0,Total,,%,,,,Total
El Salvador,SV,SLV,222,Percentage Children suffering exactly five deprivation. Homogeneous severe standards,2014,0,Female,,%,,,,Total
El Salvador,SV,SLV,222,Percentage Children suffering exactly five deprivation. Homogeneous severe standards,2014,0,Male,,%,,,,Total
El Salvador,SV,SLV,222,Percentage Children suffering exactly five deprivation. Homogeneous severe standards,2014,0,Total,,%,,,,Total
Swaziland,SZ,SWZ,748,Percentage Children suffering exactly five deprivation. Homogeneous severe standards,2014,0,Female,,%,,,,Total
Swaziland,SZ,SWZ,748,Percentage Children suffering exactly five deprivation. Homogeneous severe standards,2014,0,Male,,%,,,,Total
Swaziland,SZ,SWZ,748,Percentage Children suffering exactly five deprivation. Homogeneous severe standards,2014,0,Total,,%,,,,Total
Ethiopia,ET,ETH,231,Percentage Children suffering exactly five deprivation. Homogeneous severe standards,2016,0.035524778,Female,,%,,,,Total
Ethiopia,ET,ETH,231,Percentage Children suffering exactly five deprivation. Homogeneous severe standards,2016,0.047476783,Male,,%,,,,Total
Ethiopia,ET,ETH,231,Percentage Children suffering exactly five deprivation. Homogeneous severe standards,2016,0.041673057,Total,,%,,,,Total
Gabon,GA,GAB,266,Percentage Children suffering exactly five deprivation. Homogeneous severe standards,2012,0,Female,,%,,,,Total
Gabon,GA,GAB,266,Percentage Children suffering exactly five deprivation. Homogeneous severe standards,2012,0,Male,,%,,,,Total
Gabon,GA,GAB,266,Percentage Children suffering exactly five deprivation. Homogeneous severe standards,2012,0,Total,,%,,,,Total
Gambia,GM,GMB,270,Percentage Children suffering exactly five deprivation. Homogeneous severe standards,2018,0,Female,,%,,,,Total
Gambia,GM,GMB,270,Percentage Children suffering exactly five deprivation. Homogeneous severe standards,2018,0,Male,,%,,,,Total
Gambia,GM,GMB,270,Percentage Children suffering exactly five deprivation. Homogeneous severe standards,2018,0,Total,,%,,,,Total
Ghana,GH,GHA,288,Percentage Children suffering exactly five deprivation. Homogeneous severe standards,2014,0,Female,,%,,,,Total
Ghana,GH,GHA,288,Percentage Children suffering exactly five deprivation. Homogeneous severe standards,2014,0,Male,,%,,,,Total
Ghana,GH,GHA,288,Percentage Children suffering exactly five deprivation. Homogeneous severe standards,2014,0,Total,,%,,,,Total
Guatemala,GT,GTM,320,Percentage Children suffering exactly five deprivation. Homogeneous severe standards,2014,0,Female,,%,,,,Total
Guatemala,GT,GTM,320,Percentage Children suffering exactly five deprivation. Homogeneous severe standards,2014,0,Male,,%,,,,Total
Guatemala,GT,GTM,320,Percentage Children suffering exactly five deprivation. Homogeneous severe standards,2014,0,Total,,%,,,,Total
Guinea,GN,GIN,324,Percentage Children suffering exactly five deprivation. Homogeneous severe standards,2018,0,Female,,%,,,,Total
Guinea,GN,GIN,324,Percentage Children suffering exactly five deprivation. Homogeneous severe standards,2018,0,Male,,%,,,,Total
Guinea,GN,GIN,324,Percentage Children suffering exactly five deprivation. Homogeneous severe standards,2018,0,Total,,%,,,,Total
Guinea-Bissau,GW,GNB,624,Percentage Children suffering exactly five deprivation. Homogeneous severe standards,2014,0,Female,,%,,,,Total
Guinea-Bissau,GW,GNB,624,Percentage Children suffering exactly five deprivation. Homogeneous severe standards,2014,0,Male,,%,,,,Total
Guinea-Bissau,GW,GNB,624,Percentage Children suffering exactly five deprivation. Homogeneous severe standards,2014,0,Total,,%,,,,Total
Guyana,GY,GUY,328,Percentage Children suffering exactly five deprivation. Homogeneous severe standards,2014,0,Female,,%,,,,Total
Guyana,GY,GUY,328,Percentage Children suffering exactly five deprivation. Homogeneous severe standards,2014,0,Male,,%,,,,Total
Guyana,GY,GUY,328,Percentage Children suffering exactly five deprivation. Homogeneous severe standards,2014,0,Total,,%,,,,Total
Haiti,HT,HTI,332,Percentage Children suffering exactly five deprivation. Homogeneous severe standards,2016,0,Female,,%,,,,Total
Haiti,HT,HTI,332,Percentage Children suffering exactly five deprivation. Homogeneous severe standards,2016,0,Male,,%,,,,Total
Haiti,HT,HTI,332,Percentage Children suffering exactly five deprivation. Homogeneous severe standards,2016,0,Total,,%,,,,Total
Honduras,HN,HND,340,Percentage Children suffering exactly five deprivation. Homogeneous severe standards,2011,0.010201527,Female,,%,,,,Total
Honduras,HN,HND,340,Percentage Children suffering exactly five deprivation. Homogeneous severe standards,2011,0,Male,,%,,,,Total
Honduras,HN,HND,340,Percentage Children suffering exactly five deprivation. Homogeneous severe standards,2011,0.00493182,Total,,%,,,,Total
India,IN,IND,356,Percentage Children suffering exactly five deprivation. Homogeneous severe standards,2015,0.000324205,Female,,%,,,,Total
India,IN,IND,356,Percentage Children suffering exactly five deprivation. Homogeneous severe standards,2015,0.000557265,Male,,%,,,,Total
India,IN,IND,356,Percentage Children suffering exactly five deprivation. Homogeneous severe standards,2015,0.00044502,Total,,%,,,,Total
Iraq,IQ,IRQ,368,Percentage Children suffering exactly five deprivation. Homogeneous severe standards,2018,0,Female,,%,,,,Total
Iraq,IQ,IRQ,368,Percentage Children suffering exactly five deprivation. Homogeneous severe standards,2018,0,Male,,%,,,,Total
Iraq,IQ,IRQ,368,Percentage Children suffering exactly five deprivation. Homogeneous severe standards,2018,0,Total,,%,,,,Total
Kenya,KE,KEN,404,Percentage Children suffering exactly five deprivation. Homogeneous severe standards,2014,0.004347428,Female,,%,,,,Total
Kenya,KE,KEN,404,Percentage Children suffering exactly five deprivation. Homogeneous severe standards,2014,0.001201661,Male,,%,,,,Total
Kenya,KE,KEN,404,Percentage Children suffering exactly five deprivation. Homogeneous severe standards,2014,0.002764237,Total,,%,,,,Total
Kiribati,KI,KIR,296,Percentage Children suffering exactly five deprivation. Homogeneous severe standards,2018,0,Female,,%,,,,Total
Kiribati,KI,KIR,296,Percentage Children suffering exactly five deprivation. Homogeneous severe standards,2018,0,Male,,%,,,,Total
Kiribati,KI,KIR,296,Percentage Children suffering exactly five deprivation. Homogeneous severe standards,2018,0,Total,,%,,,,Total
Kyrgyzstan,KG,KGZ,417,Percentage Children suffering exactly five deprivation. Homogeneous severe standards,2018,0,Female,,%,,,,Total
Kyrgyzstan,KG,KGZ,417,Percentage Children suffering exactly five deprivation. Homogeneous severe standards,2018,0,Male,,%,,,,Total
Kyrgyzstan,KG,KGZ,417,Percentage Children suffering exactly five deprivation. Homogeneous severe standards,2018,0,Total,,%,,,,Total
Lao People's Democratic Republic,LA,LAO,418,Percentage Children suffering exactly five deprivation. Homogeneous severe standards,2017,0.024522912,Female,,%,,,,Total
Lao People's Democratic Republic,LA,LAO,418,Percentage Children suffering exactly five deprivation. Homogeneous severe standards,2017,0.021320662,Male,,%,,,,Total
Lao People's Democratic Republic,LA,LAO,418,Percentage Children suffering exactly five deprivation. Homogeneous severe standards,2017,0.022888837,Total,,%,,,,Total
Lesotho,LS,LSO,426,Percentage Children suffering exactly five deprivation. Homogeneous severe standards,2014,0,Female,,%,,,,Total
Lesotho,LS,LSO,426,Percentage Children suffering exactly five deprivation. Homogeneous severe standards,2014,0,Male,,%,,,,Total
Lesotho,LS,LSO,426,Percentage Children suffering exactly five deprivation. Homogeneous severe standards,2014,0,Total,,%,,,,Total
Liberia,LR,LBR,430,Percentage Children suffering exactly five deprivation. Homogeneous severe standards,2013,0.017549925,Female,,%,,,,Total
Liberia,LR,LBR,430,Percentage Children suffering exactly five deprivation. Homogeneous severe standards,2013,0.001890637,Male,,%,,,,Total
Liberia,LR,LBR,430,Percentage Children suffering exactly five deprivation. Homogeneous severe standards,2013,0.009545333,Total,,%,,,,Total
Madagascar,MG,MDG,450,Percentage Children suffering exactly five deprivation. Homogeneous severe standards,2018,0.065225013,Female,,%,,,,Total
Madagascar,MG,MDG,450,Percentage Children suffering exactly five deprivation. Homogeneous severe standards,2018,0.067933813,Male,,%,,,,Total
Madagascar,MG,MDG,450,Percentage Children suffering exactly five deprivation. Homogeneous severe standards,2018,0.066599704,Total,,%,,,,Total
Malawi,MW,MWI,454,Percentage Children suffering exactly five deprivation. Homogeneous severe standards,2015,0,Female,,%,,,,Total
Malawi,MW,MWI,454,Percentage Children suffering exactly five deprivation. Homogeneous severe standards,2015,0,Male,,%,,,,Total
Malawi,MW,MWI,454,Percentage Children suffering exactly five deprivation. Homogeneous severe standards,2015,0,Total,,%,,,,Total
Maldives,MV,MDV,462,Percentage Children suffering exactly five deprivation. Homogeneous severe standards,2016,0,Female,,%,,,,Total
Maldives,MV,MDV,462,Percentage Children suffering exactly five deprivation. Homogeneous severe standards,2016,0,Male,,%,,,,Total
Maldives,MV,MDV,462,Percentage Children suffering exactly five deprivation. Homogeneous severe standards,2016,0,Total,,%,,,,Total
Mali,ML,MLI,466,Percentage Children suffering exactly five deprivation. Homogeneous severe standards,2018,0,Female,,%,,,,Total
Mali,ML,MLI,466,Percentage Children suffering exactly five deprivation. Homogeneous severe standards,2018,0.000285097,Male,,%,,,,Total
Mali,ML,MLI,466,Percentage Children suffering exactly five deprivation. Homogeneous severe standards,2018,0.000144683,Total,,%,,,,Total
Mauritania,MR,MRT,478,Percentage Children suffering exactly five deprivation. Homogeneous severe standards,2015,0.006083681,Female,,%,,,,Total
Mauritania,MR,MRT,478,Percentage Children suffering exactly five deprivation. Homogeneous severe standards,2015,0,Male,,%,,,,Total
Mauritania,MR,MRT,478,Percentage Children suffering exactly five deprivation. Homogeneous severe standards,2015,0.00307851,Total,,%,,,,Total
Mexico,MX,MEX,484,Percentage Children suffering exactly five deprivation. Homogeneous severe standards,2015,0,Female,,%,,,,Total
Mexico,MX,MEX,484,Percentage Children suffering exactly five deprivation. Homogeneous severe standards,2015,0,Male,,%,,,,Total
Mexico,MX,MEX,484,Percentage Children suffering exactly five deprivation. Homogeneous severe standards,2015,0,Total,,%,,,,Total
Mongolia,MN,MNG,496,Percentage Children suffering exactly five deprivation. Homogeneous severe standards,2018,0,Female,,%,,,,Total
Mongolia,MN,MNG,496,Percentage Children suffering exactly five deprivation. Homogeneous severe standards,2018,0,Male,,%,,,,Total
Mongolia,MN,MNG,496,Percentage Children suffering exactly five deprivation. Homogeneous severe standards,2018,0,Total,,%,,,,Total
Mozambique,MZ,MOZ,508,Percentage Children suffering exactly five deprivation. Homogeneous severe standards,2011,0.019477569,Female,,%,,,,Total
Mozambique,MZ,MOZ,508,Percentage Children suffering exactly five deprivation. Homogeneous severe standards,2011,0.009358709,Male,,%,,,,Total
Mozambique,MZ,MOZ,508,Percentage Children suffering exactly five deprivation. Homogeneous severe standards,2011,0.014482266,Total,,%,,,,Total
Myanmar,MM,MMR,104,Percentage Children suffering exactly five deprivation. Homogeneous severe standards,2015,0,Female,,%,,,,Total
Burma,MM,MMR,104,Percentage Children suffering exactly five deprivation. Homogeneous severe standards,2015,0,Female,,%,,,,Total
Myanmar,MM,MMR,104,Percentage Children suffering exactly five deprivation. Homogeneous severe standards,2015,0,Male,,%,,,,Total
Burma,MM,MMR,104,Percentage Children suffering exactly five deprivation. Homogeneous severe standards,2015,0,Male,,%,,,,Total
Myanmar,MM,MMR,104,Percentage Children suffering exactly five deprivation. Homogeneous severe standards,2015,0,Total,,%,,,,Total
Burma,MM,MMR,104,Percentage Children suffering exactly five deprivation. Homogeneous severe standards,2015,0,Total,,%,,,,Total
Namibia,,NAM,516,Percentage Children suffering exactly five deprivation. Homogeneous severe standards,2013,0,Female,,%,,,,Total
Namibia,,NAM,516,Percentage Children suffering exactly five deprivation. Homogeneous severe standards,2013,0,Male,,%,,,,Total
Namibia,,NAM,516,Percentage Children suffering exactly five deprivation. Homogeneous severe standards,2013,0,Total,,%,,,,Total
Nepal,NP,NPL,524,Percentage Children suffering exactly five deprivation. Homogeneous severe standards,2016,0,Female,,%,,,,Total
Nepal,NP,NPL,524,Percentage Children suffering exactly five deprivation. Homogeneous severe standards,2016,0,Male,,%,,,,Total
Nepal,NP,NPL,524,Percentage Children suffering exactly five deprivation. Homogeneous severe standards,2016,0,Total,,%,,,,Total
Niger,NE,NER,562,Percentage Children suffering exactly five deprivation. Homogeneous severe standards,2012,0,Female,,%,,,,Total
Niger,NE,NER,562,Percentage Children suffering exactly five deprivation. Homogeneous severe standards,2012,0,Male,,%,,,,Total
Niger,NE,NER,562,Percentage Children suffering exactly five deprivation. Homogeneous severe standards,2012,0,Total,,%,,,,Total
Nigeria,NG,NGA,566,Percentage Children suffering exactly five deprivation. Homogeneous severe standards,2018,0.007069482,Female,,%,,,,Total
Nigeria,NG,NGA,566,Percentage Children suffering exactly five deprivation. Homogeneous severe standards,2018,0.00503366,Male,,%,,,,Total
Nigeria,NG,NGA,566,Percentage Children suffering exactly five deprivation. Homogeneous severe standards,2018,0.006037708,Total,,%,,,,Total
Pakistan,PK,PAK,586,Percentage Children suffering exactly five deprivation. Homogeneous severe standards,2017,0.001301742,Female,,%,,,,Total
Pakistan,PK,PAK,586,Percentage Children suffering exactly five deprivation. Homogeneous severe standards,2017,0,Male,,%,,,,Total
Pakistan,PK,PAK,586,Percentage Children suffering exactly five deprivation. Homogeneous severe standards,2017,0.000651352,Total,,%,,,,Total
Papua New Guinea,PG,PNG,598,Percentage Children suffering exactly five deprivation. Homogeneous severe standards,2016,0.009515047,Female,,%,,,,Total
Papua New Guinea,PG,PNG,598,Percentage Children suffering exactly five deprivation. Homogeneous severe standards,2016,0,Male,,%,,,,Total
Papua New Guinea,PG,PNG,598,Percentage Children suffering exactly five deprivation. Homogeneous severe standards,2016,0.00449992,Total,,%,,,,Total
Paraguay,PY,PRY,600,Percentage Children suffering exactly five deprivation. Homogeneous severe standards,2016,0,Female,,%,,,,Total
Paraguay,PY,PRY,600,Percentage Children suffering exactly five deprivation. Homogeneous severe standards,2016,0,Male,,%,,,,Total
Paraguay,PY,PRY,600,Percentage Children suffering exactly five deprivation. Homogeneous severe standards,2016,0,Total,,%,,,,Total
Peru,PE,PER,604,Percentage Children suffering exactly five deprivation. Homogeneous severe standards,2012,0,Female,,%,,,,Total
Peru,PE,PER,604,Percentage Children suffering exactly five deprivation. Homogeneous severe standards,2012,0,Male,,%,,,,Total
Peru,PE,PER,604,Percentage Children suffering exactly five deprivation. Homogeneous severe standards,2012,0,Total,,%,,,,Total
Rwanda,RW,RWA,646,Percentage Children suffering exactly five deprivation. Homogeneous severe standards,2014,0,Female,,%,,,,Total
Rwanda,RW,RWA,646,Percentage Children suffering exactly five deprivation. Homogeneous severe standards,2014,0,Male,,%,,,,Total
Rwanda,RW,RWA,646,Percentage Children suffering exactly five deprivation. Homogeneous severe standards,2014,0,Total,,%,,,,Total
Sao Tome and Principe,ST,STP,678,Percentage Children suffering exactly five deprivation. Homogeneous severe standards,2014,0,Female,,%,,,,Total
Sao Tome and Principe,ST,STP,678,Percentage Children suffering exactly five deprivation. Homogeneous severe standards,2014,0,Male,,%,,,,Total
Sao Tome and Principe,ST,STP,678,Percentage Children suffering exactly five deprivation. Homogeneous severe standards,2014,0,Total,,%,,,,Total
Senegal,SN,SEN,686,Percentage Children suffering exactly five deprivation. Homogeneous severe standards,2017,0,Female,,%,,,,Total
Senegal,SN,SEN,686,Percentage Children suffering exactly five deprivation. Homogeneous severe standards,2017,0,Male,,%,,,,Total
Senegal,SN,SEN,686,Percentage Children suffering exactly five deprivation. Homogeneous severe standards,2017,0,Total,,%,,,,Total
Sierra Leone,SL,SLE,694,Percentage Children suffering exactly five deprivation. Homogeneous severe standards,2017,0,Female,,%,,,,Total
Sierra Leone,SL,SLE,694,Percentage Children suffering exactly five deprivation. Homogeneous severe standards,2017,0,Male,,%,,,,Total
Sierra Leone,SL,SLE,694,Percentage Children suffering exactly five deprivation. Homogeneous severe standards,2017,0,Total,,%,,,,Total
South Africa,ZA,ZAF,710,Percentage Children suffering exactly five deprivation. Homogeneous severe standards,2016,0,Female,,%,,,,Total
South Africa,ZA,ZAF,710,Percentage Children suffering exactly five deprivation. Homogeneous severe standards,2016,0,Male,,%,,,,Total
South Africa,ZA,ZAF,710,Percentage Children suffering exactly five deprivation. Homogeneous severe standards,2016,0,Total,,%,,,,Total
Suriname,SR,SUR,740,Percentage Children suffering exactly five deprivation. Homogeneous severe standards,2018,0,Female,,%,,,,Total
Suriname,SR,SUR,740,Percentage Children suffering exactly five deprivation. Homogeneous severe standards,2018,0,Male,,%,,,,Total
Suriname,SR,SUR,740,Percentage Children suffering exactly five deprivation. Homogeneous severe standards,2018,0,Total,,%,,,,Total
Tajikistan,TJ,TJK,762,Percentage Children suffering exactly five deprivation. Homogeneous severe standards,2017,0,Female,,%,,,,Total
Tajikistan,TJ,TJK,762,Percentage Children suffering exactly five deprivation. Homogeneous severe standards,2017,0,Male,,%,,,,Total
Tajikistan,TJ,TJK,762,Percentage Children suffering exactly five deprivation. Homogeneous severe standards,2017,0,Total,,%,,,,Total
Thailand,TH,THA,764,Percentage Children suffering exactly five deprivation. Homogeneous severe standards,2015,0,Female,,%,,,,Total
Thailand,TH,THA,764,Percentage Children suffering exactly five deprivation. Homogeneous severe standards,2015,0,Male,,%,,,,Total
Thailand,TH,THA,764,Percentage Children suffering exactly five deprivation. Homogeneous severe standards,2015,0,Total,,%,,,,Total
Timor-Leste,TL,TLS,626,Percentage Children suffering exactly five deprivation. Homogeneous severe standards,2016,0,Female,,%,,,,Total
Timor-Leste,TL,TLS,626,Percentage Children suffering exactly five deprivation. Homogeneous severe standards,2016,0.006377431,Male,,%,,,,Total
Timor-Leste,TL,TLS,626,Percentage Children suffering exactly five deprivation. Homogeneous severe standards,2016,0.003289176,Total,,%,,,,Total
Togo,TG,TGO,768,Percentage Children suffering exactly five deprivation. Homogeneous severe standards,2014,0.008633848,Female,,%,,,,Total
Togo,TG,TGO,768,Percentage Children suffering exactly five deprivation. Homogeneous severe standards,2014,0.037807934,Male,,%,,,,Total
Togo,TG,TGO,768,Percentage Children suffering exactly five deprivation. Homogeneous severe standards,2014,0.023490969,Total,,%,,,,Total
Tunisia,TN,TUN,788,Percentage Children suffering exactly five deprivation. Homogeneous severe standards,2018,0,Female,,%,,,,Total
Tunisia,TN,TUN,788,Percentage Children suffering exactly five deprivation. Homogeneous severe standards,2018,0,Male,,%,,,,Total
Tunisia,TN,TUN,788,Percentage Children suffering exactly five deprivation. Homogeneous severe standards,2018,0,Total,,%,,,,Total
Turkmenistan,TM,TKM,795,Percentage Children suffering exactly five deprivation. Homogeneous severe standards,2015,0,Female,,%,,,,Total
Turkmenistan,TM,TKM,795,Percentage Children suffering exactly five deprivation. Homogeneous severe standards,2015,0,Male,,%,,,,Total
Turkmenistan,TM,TKM,795,Percentage Children suffering exactly five deprivation. Homogeneous severe standards,2015,0,Total,,%,,,,Total
Uganda,UG,UGA,800,Percentage Children suffering exactly five deprivation. Homogeneous severe standards,2016,0.002078755,Female,,%,,,,Total
Uganda,UG,UGA,800,Percentage Children suffering exactly five deprivation. Homogeneous severe standards,2016,0,Male,,%,,,,Total
Uganda,UG,UGA,800,Percentage Children suffering exactly five deprivation. Homogeneous severe standards,2016,0.001035486,Total,,%,,,,Total
"Tanzania, United Republic of",TZ,TZA,834,Percentage Children suffering exactly five deprivation. Homogeneous severe standards,2015,0.00084135,Female,,%,,,,Total
"Tanzania, United Republic of",TZ,TZA,834,Percentage Children suffering exactly five deprivation. Homogeneous severe standards,2015,0,Male,,%,,,,Total
"Tanzania, United Republic of",TZ,TZA,834,Percentage Children suffering exactly five deprivation. Homogeneous severe standards,2015,0.000419193,Total,,%,,,,Total
Yemen,YE,YEM,887,Percentage Children suffering exactly five deprivation. Homogeneous severe standards,2013,0.005267037,Female,,%,,,,Total
Yemen,YE,YEM,887,Percentage Children suffering exactly five deprivation. Homogeneous severe standards,2013,0.017234478,Male,,%,,,,Total
Yemen,YE,YEM,887,Percentage Children suffering exactly five deprivation. Homogeneous severe standards,2013,0.011365747,Total,,%,,,,Total
Zambia,ZM,ZMB,894,Percentage Children suffering exactly five deprivation. Homogeneous severe standards,2018,0,Female,,%,,,,Total
Zambia,ZM,ZMB,894,Percentage Children suffering exactly five deprivation. Homogeneous severe standards,2018,0,Male,,%,,,,Total
Zambia,ZM,ZMB,894,Percentage Children suffering exactly five deprivation. Homogeneous severe standards,2018,0,Total,,%,,,,Total
Zimbabwe,ZW,ZWE,716,Percentage Children suffering exactly five deprivation. Homogeneous severe standards,2015,0.013789207,Female,,%,,,,Total
Zimbabwe,ZW,ZWE,716,Percentage Children suffering exactly five deprivation. Homogeneous severe standards,2015,0.013701156,Male,,%,,,,Total
Zimbabwe,ZW,ZWE,716,Percentage Children suffering exactly five deprivation. Homogeneous severe standards,2015,0.013745041,Total,,%,,,,Total
